SDFG,Kernel,Config,Time,Speedup
"complex_gemm_soa_merged_SoA_4096_4096_4096","complex_gemm_soa_merged_111","((16,), (2, 8, 1), (128, 1, 1), (True, True, False), False)","29.011200000000002","1.0484295720273547"
"complex_gemm_soa_merged_SoA_4096_4096_4096","complex_gemm_soa_merged_111","((64,), (16, 16, 1), (32, 8, 1), (False, False, False), False)","35.4346","0.858375711874834"
"complex_gemm_soa_merged_SoA_4096_4096_4096","complex_gemm_soa_merged_111","((64,), (1, 2, 1), (16, 32, 1), (True, True, False), False)","99999999999999.9","0.0"
"complex_gemm_soa_merged_SoA_4096_4096_4096","complex_gemm_soa_merged_111","((32,), (1, 16, 1), (64, 8, 1), (False, False, False), False)","6.758","4.50076945841965"
"complex_gemm_soa_merged_SoA_4096_4096_4096","complex_gemm_soa_merged_111","((16,), (4, 2, 1), (128, 2, 1), (False, False, False), False)","38.1458","0.8005180124679518"
"complex_gemm_soa_merged_SoA_4096_4096_4096","complex_gemm_soa_merged_111","((128,), (16, 4, 1), (128, 2, 1), (False, False, False), False)","174.4492","0.17504465483361345"
"complex_gemm_soa_merged_SoA_4096_4096_4096","complex_gemm_soa_merged_111","((32,), (8, 16, 1), (512, 1, 1), (False, False, False), False)","111.01880000000001","0.2750561166216892"
"complex_gemm_soa_merged_SoA_4096_4096_4096","complex_gemm_soa_merged_111","((32,), (4, 4, 1), (64, 1, 1), (False, False, False), False)","36.3194","0.840773801329317"
"complex_gemm_soa_merged_SoA_4096_4096_4096","complex_gemm_soa_merged_111","((32,), (2, 4, 1), (32, 8, 1), (False, False, False), False)","23.1342","1.3199678398215628"
"complex_gemm_soa_merged_SoA_4096_4096_4096","complex_gemm_soa_merged_111","((32,), (1, 4, 1), (256, 1, 1), (False, False, False), False)","28.294400000000003","1.0792382945035057"
"complex_gemm_soa_merged_SoA_4096_4096_4096","complex_gemm_soa_merged_111","((16,), (8, 4, 1), (128, 4, 1), (False, False, False), False)","76.3716","0.39983973099948145"
"complex_gemm_soa_merged_SoA_4096_4096_4096","complex_gemm_soa_merged_111","((32,), (2, 8, 1), (256, 1, 1), (False, False, False), False)","36.333999999999996","0.8404359553035724"
"complex_gemm_soa_merged_SoA_4096_4096_4096","complex_gemm_soa_merged_111","((16,), (8, 2, 1), (128, 4, 1), (False, False, False), False)","68.4822","0.44590273092862076"
"complex_gemm_soa_merged_SoA_4096_4096_4096","complex_gemm_soa_merged_111","((16,), (1, 1, 1), (16, 64, 1), (False, False, False), False)","11.0886","2.7538553108598016"
"complex_gemm_soa_merged_SoA_4096_4096_4096","complex_gemm_soa_merged_111","((16,), (1, 1, 1), (256, 2, 1), (True, True, False), False)","15.5542","1.9632253667819624"
"complex_gemm_soa_merged_SoA_4096_4096_4096","complex_gemm_soa_merged_111","((16,), (1, 16, 1), (64, 1, 1), (True, True, False), False)","12.442400000000001","2.45422105060117"
"complex_gemm_soa_merged_SoA_4096_4096_4096","complex_gemm_soa_merged_111","((32,), (2, 8, 1), (128, 1, 1), (False, False, False), False)","41.095800000000004","0.7430540347188762"
"complex_gemm_soa_merged_SoA_4096_4096_4096","complex_gemm_soa_merged_111","((128,), (1, 1, 1), (64, 8, 1), (False, False, False), False)","13.5956","2.246050192709406"
"complex_gemm_soa_merged_SoA_4096_4096_4096","complex_gemm_soa_merged_111","((32,), (1, 8, 1), (32, 16, 1), (False, False, False), False)","6.529000000000001","4.677040894470822"
"complex_gemm_soa_merged_SoA_4096_4096_4096","complex_gemm_soa_merged_111","((16,), (8, 2, 1), (64, 4, 1), (False, False, False), False)","70.5418","0.4328837653703194"
"complex_gemm_soa_merged_SoA_4096_4096_4096","complex_gemm_soa_merged_111","((32,), (1, 4, 1), (128, 1, 1), (False, False, False), False)","28.587","1.0681918354496798"
"complex_gemm_soa_merged_SoA_4096_4096_4096","complex_gemm_soa_merged_111","((32,), (8, 16, 1), (256, 4, 1), (False, False, False), False)","113.30820000000001","0.2694985888046937"
"complex_gemm_soa_merged_SoA_4096_4096_4096","complex_gemm_soa_merged_111","((128,), (16, 4, 1), (64, 4, 1), (False, False, False), False)","122.70039999999999","0.24886960433706817"
"complex_gemm_soa_merged_SoA_4096_4096_4096","complex_gemm_soa_merged_111","((32,), (16, 2, 1), (128, 1, 1), (False, False, False), False)","56.6254","0.5392703627700642"
"complex_gemm_soa_merged_SoA_4096_4096_4096","complex_gemm_soa_merged_111","((128,), (8, 2, 1), (256, 4, 1), (False, False, False), False)","107.578","0.2838535760099648"
"complex_gemm_soa_merged_SoA_4096_4096_4096","complex_gemm_soa_merged_111","((32,), (4, 1, 1), (128, 1, 1), (False, False, False), False)","36.995400000000004","0.8254107267389998"
"complex_gemm_soa_merged_SoA_4096_4096_4096","complex_gemm_soa_merged_111","((32,), (2, 16, 1), (64, 1, 1), (False, False, False), False)","41.5672","0.734627302296041"
"complex_gemm_soa_merged_SoA_4096_4096_4096","complex_gemm_soa_merged_111","((64,), (4, 16, 1), (128, 1, 1), (False, False, False), False)","36.932","0.8268276833098667"
"complex_gemm_soa_merged_SoA_4096_4096_4096","complex_gemm_soa_merged_111","((64,), (1, 1, 1), (32, 32, 1), (True, True, False), False)","99999999999999.9","0.0"
"complex_gemm_soa_merged_SoA_4096_4096_4096","complex_gemm_soa_merged_111","((64,), (4, 8, 1), (32, 16, 1), (False, False, False), False)","39.4662","0.7737355002508475"
"complex_gemm_soa_merged_SoA_4096_4096_4096","complex_gemm_soa_merged_111","((32,), (1, 2, 1), (128, 1, 1), (False, False, False), False)","14.728800000000001","2.0732442561512134"
"complex_gemm_soa_merged_SoA_4096_4096_4096","complex_gemm_soa_merged_111","((16,), (1, 8, 1), (32, 16, 1), (False, False, False), False)","7.6086","4.013405882816812"
"complex_gemm_soa_merged_SoA_4096_4096_4096","complex_gemm_soa_merged_111","((32,), (4, 16, 1), (512, 1, 1), (False, False, False), False)","43.9852","0.6942426088775315"
"complex_gemm_soa_merged_SoA_4096_4096_4096","complex_gemm_soa_merged_111","((16,), (4, 1, 1), (32, 16, 1), (True, True, False), False)","6.561","4.654229538180155"
"complex_gemm_soa_merged_SoA_4096_4096_4096","complex_gemm_soa_merged_111","((128,), (8, 4, 1), (64, 16, 1), (False, False, False), False)","128.5592","0.23752792487818838"
"complex_gemm_soa_merged_SoA_4096_4096_4096","complex_gemm_soa_merged_111","((64,), (1, 2, 1), (128, 2, 1), (False, False, False), False)","11.069799999999999","2.7585322228043867"
"complex_gemm_soa_merged_SoA_4096_4096_4096","complex_gemm_soa_merged_111","((128,), (16, 1, 1), (64, 8, 1), (False, False, False), False)","119.4386","0.2556660911966483"
"complex_gemm_soa_merged_SoA_4096_4096_4096","complex_gemm_soa_merged_111","((32,), (8, 1, 1), (32, 8, 1), (False, False, False), False)","61.8048","0.49407812985399185"
"complex_gemm_soa_merged_SoA_4096_4096_4096","complex_gemm_soa_merged_111","((128,), (4, 4, 1), (16, 16, 1), (False, False, False), False)","69.8536","0.437148550683143"
"complex_gemm_soa_merged_SoA_4096_4096_4096","complex_gemm_soa_merged_111","((32,), (16, 16, 1), (16, 32, 1), (False, False, False), False)","32.7772","0.931635405098666"
"complex_gemm_soa_merged_SoA_4096_4096_4096","complex_gemm_soa_merged_111","((64,), (8, 8, 1), (32, 32, 1), (False, False, False), False)","137.5418","0.22201541640432215"
"complex_gemm_soa_merged_SoA_4096_4096_4096","complex_gemm_soa_merged_111","((16,), (4, 4, 1), (256, 2, 1), (False, False, False), False)","37.3424","0.8177406915463387"
"complex_gemm_soa_merged_SoA_4096_4096_4096","complex_gemm_soa_merged_111","((32,), (16, 1, 1), (64, 1, 1), (False, False, False), False)","54.721199999999996","0.558036007982281"
"complex_gemm_soa_merged_SoA_4096_4096_4096","complex_gemm_soa_merged_111","((16,), (1, 4, 1), (16, 16, 1), (False, False, False), False)","10.463","2.9185128548217527"
"complex_gemm_soa_merged_SoA_4096_4096_4096","complex_gemm_soa_merged_111","((128,), (2, 4, 1), (32, 8, 1), (False, False, False), False)","71.0562","0.42974997255693376"
"complex_gemm_soa_merged_SoA_4096_4096_4096","complex_gemm_soa_merged_111","((128,), (8, 2, 1), (32, 32, 1), (False, False, False), False)","104.78040000000001","0.2914323671220953"
"complex_gemm_soa_merged_SoA_4096_4096_4096","complex_gemm_soa_merged_111","((128,), (2, 8, 1), (512, 2, 1), (False, False, False), False)","67.49940000000001","0.4523951324011768"
"complex_gemm_soa_merged_SoA_4096_4096_4096","complex_gemm_soa_merged_111","((32,), (4, 1, 1), (32, 16, 1), (False, False, False), False)","33.388600000000004","0.9145756335994918"
"complex_gemm_soa_merged_SoA_4096_4096_4096","complex_gemm_soa_merged_111","((16,), (4, 2, 1), (128, 4, 1), (False, False, False), False)","38.0752","0.802002353237803"
"complex_gemm_soa_merged_SoA_4096_4096_4096","complex_gemm_soa_merged_111","((16,), (4, 2, 1), (64, 4, 1), (False, False, False), False)","39.664","0.7698769665187575"
"complex_gemm_soa_merged_SoA_4096_4096_4096","complex_gemm_soa_merged_111","((64,), (2, 4, 1), (64, 4, 1), (False, False, False), False)","26.374200000000002","1.157813317560343"
"complex_gemm_soa_merged_SoA_4096_4096_4096","complex_gemm_soa_merged_111","((32,), (2, 1, 1), (128, 2, 1), (False, False, False), False)","32.6266","0.9359357089000997"
"complex_gemm_soa_merged_SoA_4096_4096_4096","complex_gemm_soa_merged_111","((16,), (8, 16, 1), (64, 16, 1), (False, False, False), False)","114.33900000000001","0.2670689790884999"
"complex_gemm_soa_merged_SoA_4096_4096_4096","complex_gemm_soa_merged_111","((16,), (2, 1, 1), (32, 32, 1), (True, True, False), False)","14.2142","2.1483024018235284"
"complex_gemm_soa_merged_SoA_4096_4096_4096","complex_gemm_soa_merged_111","((32,), (2, 8, 1), (16, 16, 1), (False, False, False), False)","23.0492","1.324835569130382"
"complex_gemm_soa_merged_SoA_4096_4096_4096","complex_gemm_soa_merged_111","((128,), (1, 8, 1), (64, 1, 1), (False, False, False), False)","11.145999999999999","2.7396734254441055"
"complex_gemm_soa_merged_SoA_4096_4096_4096","complex_gemm_soa_merged_111","((16,), (1, 4, 1), (32, 16, 1), (True, True, False), False)","99999999999999.9","0.0"
"complex_gemm_soa_merged_SoA_4096_4096_4096","complex_gemm_soa_merged_111","((64,), (2, 1, 1), (512, 2, 1), (False, False, False), False)","40.9606","0.74550665761732"
"complex_gemm_soa_merged_SoA_4096_4096_4096","complex_gemm_soa_merged_111","((32,), (2, 2, 1), (32, 8, 1), (False, False, False), False)","22.775399999999998","1.340762401538502"
"complex_gemm_soa_merged_SoA_4096_4096_4096","complex_gemm_soa_merged_111","((32,), (8, 16, 1), (128, 1, 1), (False, False, False), False)","69.197","0.44129658800237"
"complex_gemm_soa_merged_SoA_4096_4096_4096","complex_gemm_soa_merged_111","((64,), (16, 2, 1), (32, 16, 1), (False, False, False), False)","31.392000000000003","0.9727446483180426"
"complex_gemm_soa_merged_SoA_4096_4096_4096","complex_gemm_soa_merged_111","((64,), (8, 2, 1), (32, 32, 1), (False, False, False), False)","89.14059999999999","0.3363742222960133"
"complex_gemm_soa_merged_SoA_4096_4096_4096","complex_gemm_soa_merged_111","((128,), (8, 8, 1), (128, 8, 1), (False, False, False), False)","153.6808","0.19510960380216658"
"complex_gemm_soa_merged_SoA_4096_4096_4096","complex_gemm_soa_merged_111","((16,), (2, 4, 1), (128, 8, 1), (False, False, False), False)","33.165800000000004","0.9040819157083501"
"complex_gemm_soa_merged_SoA_4096_4096_4096","complex_gemm_soa_merged_111","((16,), (1, 16, 1), (512, 2, 1), (False, False, False), False)","8.234399999999999","3.6413824929563785"
"complex_gemm_soa_merged_SoA_4096_4096_4096","complex_gemm_soa_merged_111","((64,), (1, 2, 1), (64, 4, 1), (True, True, False), False)","7.9472","3.772976645862694"
"complex_gemm_soa_merged_SoA_4096_4096_4096","complex_gemm_soa_merged_111","((64,), (4, 1, 1), (32, 8, 1), (False, False, False), False)","58.4362","0.513116869337842"
"complex_gemm_soa_merged_SoA_4096_4096_4096","complex_gemm_soa_merged_111","((128,), (1, 4, 1), (128, 1, 1), (False, False, False), False)","89.5128","0.3349755565684461"
"complex_gemm_soa_merged_SoA_4096_4096_4096","complex_gemm_soa_merged_111","((16,), (1, 16, 1), (64, 1, 1), (False, False, False), False)","38.4724","0.7793795032282883"
"complex_gemm_soa_merged_SoA_4096_4096_4096","complex_gemm_soa_merged_111","((16,), (16, 2, 1), (16, 32, 1), (True, True, False), False)","64.1818","0.4671822853207607"
"complex_gemm_soa_merged_SoA_4096_4096_4096","complex_gemm_soa_merged_111","((32,), (1, 2, 1), (128, 2, 1), (False, False, False), False)","12.3124","2.435317241155258"
"complex_gemm_soa_merged_SoA_4096_4096_4096","complex_gemm_soa_merged_111","((64,), (16, 2, 1), (32, 8, 1), (False, False, False), False)","27.755399999999998","1.080315902491047"
"complex_gemm_soa_merged_SoA_4096_4096_4096","complex_gemm_soa_merged_111","((16,), (2, 1, 1), (128, 8, 1), (True, True, False), False)","20.444399999999998","1.466641231828765"
"complex_gemm_soa_merged_SoA_4096_4096_4096","complex_gemm_soa_merged_111","((128,), (8, 16, 1), (32, 8, 1), (False, False, False), False)","95.875","0.31274680573663627"
"complex_gemm_soa_merged_SoA_4096_4096_4096","complex_gemm_soa_merged_111","((16,), (1, 8, 1), (128, 2, 1), (True, True, False), False)","99999999999999.9","0.0"
"complex_gemm_soa_merged_SoA_4096_4096_4096","complex_gemm_soa_merged_111","((32,), (4, 4, 1), (32, 16, 1), (False, False, False), False)","33.3036","0.9003411042650044"
"complex_gemm_soa_merged_SoA_4096_4096_4096","complex_gemm_soa_merged_111","((64,), (4, 1, 1), (512, 2, 1), (False, False, False), False)","122.1154","0.24554315016779213"
"complex_gemm_soa_merged_SoA_4096_4096_4096","complex_gemm_soa_merged_111","((32,), (8, 8, 1), (128, 8, 1), (False, False, False), False)","116.33779999999999","0.2577373820030979"
"complex_gemm_soa_merged_SoA_4096_4096_4096","complex_gemm_soa_merged_111","((16,), (1, 8, 1), (32, 16, 1), (True, True, False), False)","99999999999999.9","0.0"
"complex_gemm_soa_merged_SoA_4096_4096_4096","complex_gemm_soa_merged_111","((16,), (4, 1, 1), (512, 1, 1), (False, False, False), False)","35.9186","0.8347931155445926"
"complex_gemm_soa_merged_SoA_4096_4096_4096","complex_gemm_soa_merged_111","((16,), (16, 16, 1), (16, 16, 1), (False, False, False), False)","26.2072","1.1441359626362222"
"complex_gemm_soa_merged_SoA_4096_4096_4096","complex_gemm_soa_merged_111","((16,), (16, 16, 1), (128, 4, 1), (False, False, False), False)","51.9224","0.5774887139269371"
"complex_gemm_soa_merged_SoA_4096_4096_4096","complex_gemm_soa_merged_111","((32,), (8, 4, 1), (512, 2, 1), (False, False, False), False)","89.8466","0.33655141096045926"
"complex_gemm_soa_merged_SoA_4096_4096_4096","complex_gemm_soa_merged_111","((64,), (1, 8, 1), (256, 4, 1), (False, False, False), False)","11.694199999999999","2.585726257460964"
"complex_gemm_soa_merged_SoA_4096_4096_4096","complex_gemm_soa_merged_111","((16,), (8, 1, 1), (16, 16, 1), (False, False, False), False)","66.54400000000001","0.45440610723731656"
"complex_gemm_soa_merged_SoA_4096_4096_4096","complex_gemm_soa_merged_111","((32,), (2, 8, 1), (128, 8, 1), (False, False, False), False)","30.2152","1.0007545870952368"
"complex_gemm_soa_merged_SoA_4096_4096_4096","complex_gemm_soa_merged_111","((32,), (1, 16, 1), (64, 4, 1), (False, False, False), False)","6.902800000000001","4.3805412296459405"
"complex_gemm_soa_merged_SoA_4096_4096_4096","complex_gemm_soa_merged_111","((128,), (4, 1, 1), (256, 2, 1), (False, False, False), False)","104.94559999999998","0.28813023128173076"
"complex_gemm_soa_merged_SoA_4096_4096_4096","complex_gemm_soa_merged_111","((32,), (1, 1, 1), (16, 32, 1), (True, True, False), False)","99999999999999.9","0.0"
"complex_gemm_soa_merged_SoA_4096_4096_4096","complex_gemm_soa_merged_111","((16,), (16, 16, 1), (64, 16, 1), (False, False, False), False)","63.9212","0.4730511942829609"
"complex_gemm_soa_merged_SoA_4096_4096_4096","complex_gemm_soa_merged_111","((16,), (4, 8, 1), (32, 8, 1), (True, True, False), False)","99999999999999.9","0.0"
"complex_gemm_soa_merged_SoA_4096_4096_4096","complex_gemm_soa_merged_111","((32,), (8, 1, 1), (16, 32, 1), (True, True, False), False)","99999999999999.9","0.0"
"complex_gemm_soa_merged_SoA_4096_4096_4096","complex_gemm_soa_merged_111","((64,), (1, 4, 1), (64, 8, 1), (False, False, False), False)","6.7184","4.50077399380805"
"complex_gemm_soa_merged_SoA_4096_4096_4096","complex_gemm_soa_merged_111","((32,), (4, 2, 1), (128, 1, 1), (False, False, False), False)","39.296800000000005","0.769477412919118"
"complex_gemm_soa_merged_SoA_4096_4096_4096","complex_gemm_soa_merged_111","((16,), (1, 4, 1), (32, 16, 1), (False, False, False), False)","8.3664","3.6142187798814303"
"complex_gemm_soa_merged_SoA_4096_4096_4096","complex_gemm_soa_merged_111","((128,), (4, 2, 1), (32, 32, 1), (False, False, False), False)","94.2912","0.3206874024299192"
"complex_gemm_soa_merged_SoA_4096_4096_4096","complex_gemm_soa_merged_111","((64,), (8, 2, 1), (64, 8, 1), (False, False, False), False)","60.909400000000005","0.496442256860189"
"complex_gemm_soa_merged_SoA_4096_4096_4096","complex_gemm_soa_merged_111","((128,), (4, 2, 1), (128, 4, 1), (False, False, False), False)","86.9356","0.3478206856569691"
"complex_gemm_soa_merged_SoA_4096_4096_4096","complex_gemm_soa_merged_111","((32,), (16, 1, 1), (64, 8, 1), (False, False, False), False)","52.3144","0.5780052910862019"
"complex_gemm_soa_merged_SoA_4096_4096_4096","complex_gemm_soa_merged_111","((128,), (2, 1, 1), (16, 16, 1), (False, False, False), False)","80.01660000000001","0.37789658645830987"
"complex_gemm_soa_merged_SoA_4096_4096_4096","complex_gemm_soa_merged_111","((16,), (16, 4, 1), (32, 8, 1), (False, False, False), False)","18.2514","1.6567496192072937"
"complex_gemm_soa_merged_SoA_4096_4096_4096","complex_gemm_soa_merged_111","((16,), (2, 4, 1), (16, 64, 1), (True, True, False), False)","99999999999999.9","0.0"
"complex_gemm_soa_merged_SoA_4096_4096_4096","complex_gemm_soa_merged_111","((16,), (8, 4, 1), (16, 16, 1), (False, False, False), False)","65.2916","0.4631223618352131"
"complex_gemm_soa_merged_SoA_4096_4096_4096","complex_gemm_soa_merged_111","((128,), (4, 16, 1), (512, 2, 1), (False, False, False), False)","126.372","0.23927768809546418"
"complex_gemm_soa_merged_SoA_4096_4096_4096","complex_gemm_soa_merged_111","((64,), (1, 8, 1), (512, 2, 1), (False, False, False), False)","12.391","2.4403195867968686"
"complex_gemm_soa_merged_SoA_4096_4096_4096","complex_gemm_soa_merged_111","((16,), (1, 4, 1), (128, 1, 1), (False, False, False), False)","28.2968","1.0686013966243533"
"complex_gemm_soa_merged_SoA_4096_4096_4096","complex_gemm_soa_merged_111","((32,), (1, 2, 1), (64, 4, 1), (False, False, False), False)","11.8002","2.5624989406959204"
"complex_gemm_soa_merged_SoA_4096_4096_4096","complex_gemm_soa_merged_111","((16,), (2, 2, 1), (64, 16, 1), (False, False, False), False)","22.740000000000002","1.3297273526824978"
"complex_gemm_soa_merged_SoA_4096_4096_4096","complex_gemm_soa_merged_111","((32,), (1, 2, 1), (256, 1, 1), (False, False, False), False)","14.3708","2.1041278147354356"
"complex_gemm_soa_merged_SoA_4096_4096_4096","complex_gemm_soa_merged_111","((128,), (16, 8, 1), (256, 2, 1), (False, False, False), False)","209.5166","0.14432269328540076"
"complex_gemm_soa_merged_SoA_4096_4096_4096","complex_gemm_soa_merged_111","((128,), (2, 8, 1), (128, 8, 1), (False, False, False), False)","66.3418","0.45579106988354245"
"complex_gemm_soa_merged_SoA_4096_4096_4096","complex_gemm_soa_merged_111","((16,), (8, 1, 1), (128, 4, 1), (False, False, False), False)","69.7532","0.43349982509762985"
"complex_gemm_soa_merged_SoA_4096_4096_4096","complex_gemm_soa_merged_111","((64,), (1, 4, 1), (16, 32, 1), (False, False, False), False)","6.9938","4.323543710143269"
"complex_gemm_soa_merged_SoA_4096_4096_4096","complex_gemm_soa_merged_111","((128,), (16, 2, 1), (64, 1, 1), (False, False, False), False)","186.2036","0.162392134201487"
"complex_gemm_soa_merged_SoA_4096_4096_4096","complex_gemm_soa_merged_111","((32,), (1, 4, 1), (16, 16, 1), (True, True, False), False)","99999999999999.9","0.0"
"complex_gemm_soa_merged_SoA_4096_4096_4096","complex_gemm_soa_merged_111","((16,), (2, 8, 1), (64, 4, 1), (False, False, False), False)","22.1632","1.364333670228126"
"complex_gemm_soa_merged_SoA_4096_4096_4096","complex_gemm_soa_merged_111","((16,), (2, 8, 1), (512, 2, 1), (False, False, False), False)","24.111","1.2541163784164904"
"complex_gemm_soa_merged_SoA_4096_4096_4096","complex_gemm_soa_merged_111","((32,), (2, 16, 1), (16, 32, 1), (False, False, False), False)","26.483800000000002","1.141754582046383"
"complex_gemm_soa_merged_SoA_4096_4096_4096","complex_gemm_soa_merged_111","((16,), (2, 4, 1), (16, 16, 1), (True, True, False), False)","99999999999999.9","0.0"
"complex_gemm_soa_merged_SoA_4096_4096_4096","complex_gemm_soa_merged_111","((128,), (2, 4, 1), (16, 64, 1), (False, False, False), False)","78.9394","0.38305332951605914"
"complex_gemm_soa_merged_SoA_4096_4096_4096","complex_gemm_soa_merged_111","((32,), (1, 4, 1), (128, 4, 1), (False, False, False), False)","7.980200000000001","3.7891280920277683"
"complex_gemm_soa_merged_SoA_4096_4096_4096","complex_gemm_soa_merged_111","((128,), (4, 1, 1), (32, 8, 1), (False, False, False), False)","67.72999999999999","0.4464491362763916"
"complex_gemm_soa_merged_SoA_4096_4096_4096","complex_gemm_soa_merged_111","((128,), (8, 8, 1), (256, 2, 1), (False, False, False), False)","111.57840000000002","0.27100227284133843"
"complex_gemm_soa_merged_SoA_4096_4096_4096","complex_gemm_soa_merged_111","((64,), (4, 8, 1), (64, 16, 1), (False, False, False), False)","73.86319999999999","0.40937841848173384"
"complex_gemm_soa_merged_SoA_4096_4096_4096","complex_gemm_soa_merged_111","((16,), (1, 4, 1), (256, 1, 1), (True, True, False), False)","40.3272","0.749816501021643"
"complex_gemm_soa_merged_SoA_4096_4096_4096","complex_gemm_soa_merged_111","((16,), (2, 1, 1), (64, 1, 1), (True, True, False), False)","119.6718","0.2526743978113474"
"complex_gemm_soa_merged_SoA_4096_4096_4096","complex_gemm_soa_merged_111","((32,), (2, 4, 1), (32, 16, 1), (True, True, False), False)","99999999999999.9","0.0"
"complex_gemm_soa_merged_SoA_4096_4096_4096","complex_gemm_soa_merged_111","((64,), (4, 8, 1), (16, 64, 1), (False, False, False), False)","74.9268","0.4066368775925303"
"complex_gemm_soa_merged_SoA_4096_4096_4096","complex_gemm_soa_merged_111","((64,), (16, 8, 1), (32, 16, 1), (False, False, False), False)","38.157","0.7984904473622141"
"complex_gemm_soa_merged_SoA_4096_4096_4096","complex_gemm_soa_merged_111","((128,), (1, 4, 1), (256, 2, 1), (False, False, False), False)","12.3804","2.4609867209460115"
"complex_gemm_soa_merged_SoA_4096_4096_4096","complex_gemm_soa_merged_111","((16,), (2, 16, 1), (128, 8, 1), (False, False, False), False)","28.53","1.0679284963196636"
"complex_gemm_soa_merged_SoA_4096_4096_4096","complex_gemm_soa_merged_111","((16,), (8, 2, 1), (512, 1, 1), (False, False, False), False)","131.6098","0.23150251728974588"
"complex_gemm_soa_merged_SoA_4096_4096_4096","complex_gemm_soa_merged_111","((128,), (2, 2, 1), (32, 16, 1), (False, False, False), False)","70.3746","0.4329402937991832"
"complex_gemm_soa_merged_SoA_4096_4096_4096","complex_gemm_soa_merged_111","((32,), (16, 16, 1), (32, 32, 1), (False, False, False), False)","51.747400000000006","0.5887832045667994"
"complex_gemm_soa_merged_SoA_4096_4096_4096","complex_gemm_soa_merged_111","((32,), (1, 4, 1), (64, 8, 1), (False, False, False), False)","7.5162","4.053644128682047"
"complex_gemm_soa_merged_SoA_4096_4096_4096","complex_gemm_soa_merged_111","((64,), (1, 1, 1), (64, 16, 1), (False, False, False), False)","18.1156","1.6711784318487934"
"complex_gemm_soa_merged_SoA_4096_4096_4096","complex_gemm_soa_merged_111","((32,), (2, 2, 1), (128, 4, 1), (False, False, False), False)","33.870400000000004","0.8938306013510322"
"complex_gemm_soa_merged_SoA_4096_4096_4096","complex_gemm_soa_merged_111","((64,), (1, 1, 1), (64, 8, 1), (False, False, False), False)","21.1238","1.4331891042331402"
"complex_gemm_soa_merged_SoA_4096_4096_4096","complex_gemm_soa_merged_111","((16,), (2, 16, 1), (128, 2, 1), (True, True, False), False)","10.9476","2.765391501333626"
"complex_gemm_soa_merged_SoA_4096_4096_4096","complex_gemm_soa_merged_111","((64,), (16, 4, 1), (16, 16, 1), (False, False, False), False)","27.4644","1.1023142686532386"
"complex_gemm_soa_merged_SoA_4096_4096_4096","complex_gemm_soa_merged_111","((32,), (4, 4, 1), (128, 8, 1), (False, False, False), False)","45.695800000000006","0.662520406689455"
"complex_gemm_soa_merged_SoA_4096_4096_4096","complex_gemm_soa_merged_111","((32,), (16, 16, 1), (128, 1, 1), (False, False, False), False)","31.5118","0.9607321701711741"
"complex_gemm_soa_merged_SoA_4096_4096_4096","complex_gemm_soa_merged_111","((32,), (8, 4, 1), (16, 64, 1), (False, False, False), False)","85.1624","0.3554902163396053"
"complex_gemm_soa_merged_SoA_4096_4096_4096","complex_gemm_soa_merged_111","((64,), (8, 16, 1), (128, 2, 1), (False, False, False), False)","80.7522","0.3749049561498015"
"complex_gemm_soa_merged_SoA_4096_4096_4096","complex_gemm_soa_merged_111","((128,), (4, 8, 1), (64, 16, 1), (False, False, False), False)","104.05999999999999","0.29093215452623494"
"complex_gemm_soa_merged_SoA_4096_4096_4096","complex_gemm_soa_merged_111","((32,), (2, 2, 1), (128, 1, 1), (False, False, False), False)","46.856","0.6465639405839166"
"complex_gemm_soa_merged_SoA_4096_4096_4096","complex_gemm_soa_merged_111","((128,), (1, 4, 1), (128, 2, 1), (False, False, False), False)","8.2214","3.6849441700926855"
"complex_gemm_soa_merged_SoA_4096_4096_4096","complex_gemm_soa_merged_111","((16,), (4, 4, 1), (32, 8, 1), (False, False, False), False)","37.57","0.8063721054032473"
"complex_gemm_soa_merged_SoA_4096_4096_4096","complex_gemm_soa_merged_111","((16,), (2, 16, 1), (16, 16, 1), (True, True, False), False)","99999999999999.9","0.0"
"complex_gemm_soa_merged_SoA_4096_4096_4096","complex_gemm_soa_merged_111","((64,), (4, 1, 1), (64, 16, 1), (False, False, False), False)","107.4538","0.2819388425537301"
"complex_gemm_soa_merged_SoA_4096_4096_4096","complex_gemm_soa_merged_111","((32,), (1, 1, 1), (64, 4, 1), (False, False, False), False)","20.982400000000002","1.4438481775202072"
"complex_gemm_soa_merged_SoA_4096_4096_4096","complex_gemm_soa_merged_111","((128,), (1, 1, 1), (512, 2, 1), (False, False, False), False)","21.7222","1.3946745725571075"
"complex_gemm_soa_merged_SoA_4096_4096_4096","complex_gemm_soa_merged_111","((32,), (2, 4, 1), (512, 1, 1), (False, False, False), False)","39.9856","0.7576577567924453"
"complex_gemm_soa_merged_SoA_4096_4096_4096","complex_gemm_soa_merged_111","((16,), (2, 1, 1), (16, 32, 1), (True, True, False), False)","8.3088","3.6461823608704025"
"complex_gemm_soa_merged_SoA_4096_4096_4096","complex_gemm_soa_merged_111","((16,), (4, 1, 1), (128, 8, 1), (False, False, False), False)","36.8566","0.8219803237412024"
"complex_gemm_soa_merged_SoA_4096_4096_4096","complex_gemm_soa_merged_111","((32,), (1, 8, 1), (16, 64, 1), (False, False, False), False)","7.518600000000001","4.029393770116776"
"complex_gemm_soa_merged_SoA_4096_4096_4096","complex_gemm_soa_merged_111","((16,), (16, 8, 1), (256, 2, 1), (False, False, False), False)","70.9316","0.4271072413423636"
"complex_gemm_soa_merged_SoA_4096_4096_4096","complex_gemm_soa_merged_111","((32,), (1, 1, 1), (64, 16, 1), (False, False, False), False)","19.0898","1.5869941015620908"
"complex_gemm_soa_merged_SoA_4096_4096_4096","complex_gemm_soa_merged_111","((128,), (1, 1, 1), (32, 8, 1), (True, True, False), False)","99999999999999.9","0.0"
"complex_gemm_soa_merged_SoA_4096_4096_4096","complex_gemm_soa_merged_111","((16,), (16, 4, 1), (256, 4, 1), (False, False, False), False)","68.22319999999999","0.44406301668640585"
"complex_gemm_soa_merged_SoA_4096_4096_4096","complex_gemm_soa_merged_111","((128,), (16, 4, 1), (256, 4, 1), (False, False, False), False)","286.8528","0.10561305310598328"
"complex_gemm_soa_merged_SoA_4096_4096_4096","complex_gemm_soa_merged_111","((128,), (2, 1, 1), (128, 4, 1), (False, False, False), False)","59.446400000000004","0.509625477741293"
"complex_gemm_soa_merged_SoA_4096_4096_4096","complex_gemm_soa_merged_111","((32,), (8, 2, 1), (128, 4, 1), (False, False, False), False)","62.047799999999995","0.4882590518922509"
"complex_gemm_soa_merged_SoA_4096_4096_4096","complex_gemm_soa_merged_111","((16,), (8, 1, 1), (32, 16, 1), (True, True, False), False)","99999999999999.9","0.0"
"complex_gemm_soa_merged_SoA_4096_4096_4096","complex_gemm_soa_merged_111","((128,), (2, 2, 1), (512, 2, 1), (False, False, False), False)","67.4816","0.44894311930955993"
"complex_gemm_soa_merged_SoA_4096_4096_4096","complex_gemm_soa_merged_111","((16,), (4, 4, 1), (32, 32, 1), (True, True, False), False)","99999999999999.9","0.0"
"complex_gemm_soa_merged_SoA_4096_4096_4096","complex_gemm_soa_merged_111","((16,), (2, 2, 1), (128, 1, 1), (True, True, False), False)","87.741","0.34528213719925693"
"complex_gemm_soa_merged_SoA_4096_4096_4096","complex_gemm_soa_merged_111","((16,), (1, 2, 1), (256, 2, 1), (True, True, False), False)","8.5688","3.5355475679208292"
"complex_gemm_soa_merged_SoA_4096_4096_4096","complex_gemm_soa_merged_111","((32,), (4, 16, 1), (128, 8, 1), (False, False, False), False)","66.4992","0.4555754054184111"
"complex_gemm_soa_merged_SoA_4096_4096_4096","complex_gemm_soa_merged_111","((16,), (16, 2, 1), (64, 1, 1), (False, False, False), False)","49.3882","0.6134137304052385"
"complex_gemm_soa_merged_SoA_4096_4096_4096","complex_gemm_soa_merged_111","((16,), (4, 2, 1), (64, 8, 1), (False, False, False), False)","63.325599999999994","0.4784068370453656"
"complex_gemm_soa_merged_SoA_4096_4096_4096","complex_gemm_soa_merged_111","((128,), (4, 1, 1), (64, 1, 1), (False, False, False), False)","100.173","0.3024307947251255"
"complex_gemm_soa_merged_SoA_4096_4096_4096","complex_gemm_soa_merged_111","((64,), (2, 2, 1), (32, 16, 1), (False, False, False), False)","29.1478","1.039371753614338"
"complex_gemm_soa_merged_SoA_4096_4096_4096","complex_gemm_soa_merged_111","((16,), (4, 4, 1), (16, 64, 1), (False, False, False), False)","38.1464","0.7941876559780215"
"complex_gemm_soa_merged_SoA_4096_4096_4096","complex_gemm_soa_merged_111","((32,), (1, 1, 1), (128, 1, 1), (False, False, False), False)","25.3902","1.1931926491323424"
"complex_gemm_soa_merged_SoA_4096_4096_4096","complex_gemm_soa_merged_111","((128,), (2, 8, 1), (64, 1, 1), (False, False, False), False)","73.4722","0.41233827216280444"
"complex_gemm_soa_merged_SoA_4096_4096_4096","complex_gemm_soa_merged_111","((64,), (8, 8, 1), (128, 1, 1), (False, False, False), False)","67.7052","0.44746046093948466"
"complex_gemm_soa_merged_SoA_4096_4096_4096","complex_gemm_soa_merged_111","((64,), (2, 16, 1), (512, 1, 1), (False, False, False), False)","49.131","0.6166249414829741"
"complex_gemm_soa_merged_SoA_4096_4096_4096","complex_gemm_soa_merged_111","((64,), (4, 1, 1), (256, 2, 1), (False, False, False), False)","33.7534","0.897551061522691"
"complex_gemm_soa_merged_SoA_4096_4096_4096","complex_gemm_soa_merged_111","((16,), (8, 4, 1), (64, 1, 1), (False, False, False), False)","69.76079999999999","0.4342754096856688"
"complex_gemm_soa_merged_SoA_4096_4096_4096","complex_gemm_soa_merged_111","((64,), (1, 2, 1), (256, 2, 1), (False, False, False), False)","12.9766","2.334617696469029"
"complex_gemm_soa_merged_SoA_4096_4096_4096","complex_gemm_soa_merged_111","((64,), (1, 4, 1), (64, 16, 1), (False, False, False), False)","12.999799999999999","2.3304512377113498"
"complex_gemm_soa_merged_SoA_4096_4096_4096","complex_gemm_soa_merged_111","((64,), (8, 4, 1), (128, 1, 1), (False, False, False), False)","68.4594","0.44506671107254814"
"complex_gemm_soa_merged_SoA_4096_4096_4096","complex_gemm_soa_merged_111","((16,), (2, 4, 1), (128, 1, 1), (True, True, False), False)","49.678","0.6133298441966263"
"complex_gemm_soa_merged_SoA_4096_4096_4096","complex_gemm_soa_merged_111","((16,), (8, 1, 1), (128, 1, 1), (False, False, False), False)","69.0344","0.4413596699616423"
"complex_gemm_soa_merged_SoA_4096_4096_4096","complex_gemm_soa_merged_111","((128,), (1, 4, 1), (16, 16, 1), (False, False, False), False)","8.122","3.7514159074119675"
"complex_gemm_soa_merged_SoA_4096_4096_4096","complex_gemm_soa_merged_111","((64,), (2, 2, 1), (16, 16, 1), (True, True, False), False)","99999999999999.9","0.0"
"complex_gemm_soa_merged_SoA_4096_4096_4096","complex_gemm_soa_merged_111","((64,), (1, 1, 1), (32, 8, 1), (False, False, False), False)","11.185599999999999","2.7239486482620516"
"complex_gemm_soa_merged_SoA_4096_4096_4096","complex_gemm_soa_merged_111","((64,), (4, 16, 1), (16, 64, 1), (False, False, False), False)","94.7008","0.32173962627559644"
"complex_gemm_soa_merged_SoA_4096_4096_4096","complex_gemm_soa_merged_111","((16,), (1, 1, 1), (16, 32, 1), (True, True, False), False)","99999999999999.9","0.0"
"complex_gemm_soa_merged_SoA_4096_4096_4096","complex_gemm_soa_merged_111","((64,), (8, 8, 1), (512, 2, 1), (False, False, False), False)","143.8016","0.21188220437046598"
"complex_gemm_soa_merged_SoA_4096_4096_4096","complex_gemm_soa_merged_111","((128,), (1, 16, 1), (64, 16, 1), (False, False, False), False)","21.3852","1.424770401960234"
"complex_gemm_soa_merged_SoA_4096_4096_4096","complex_gemm_soa_merged_111","((128,), (1, 2, 1), (32, 8, 1), (False, False, False), False)","9.507","3.2049016514147475"
"complex_gemm_soa_merged_SoA_4096_4096_4096","complex_gemm_soa_merged_111","((32,), (16, 8, 1), (256, 2, 1), (False, False, False), False)","58.401599999999995","0.5217151584888086"
"complex_gemm_soa_merged_SoA_4096_4096_4096","complex_gemm_soa_merged_111","((32,), (8, 2, 1), (32, 8, 1), (False, False, False), False)","61.788199999999996","0.49312004557504513"
"complex_gemm_soa_merged_SoA_4096_4096_4096","complex_gemm_soa_merged_111","((128,), (8, 16, 1), (512, 1, 1), (False, False, False), False)","113.056","0.2695036088310218"
"complex_gemm_soa_merged_SoA_4096_4096_4096","complex_gemm_soa_merged_111","((32,), (1, 16, 1), (64, 1, 1), (True, True, False), False)","21.5088","1.4165829799895857"
"complex_gemm_soa_merged_SoA_4096_4096_4096","complex_gemm_soa_merged_111","((16,), (8, 8, 1), (64, 8, 1), (False, False, False), False)","90.19640000000001","0.3378072739045017"
"complex_gemm_soa_merged_SoA_4096_4096_4096","complex_gemm_soa_merged_111","((16,), (4, 4, 1), (16, 32, 1), (False, False, False), False)","36.0226","0.8458301177594068"
"complex_gemm_soa_merged_SoA_4096_4096_4096","complex_gemm_soa_merged_111","((128,), (4, 4, 1), (32, 8, 1), (False, False, False), False)","69.9812","0.4353883614456454"
"complex_gemm_soa_merged_SoA_4096_4096_4096","complex_gemm_soa_merged_111","((128,), (1, 4, 1), (256, 1, 1), (False, False, False), False)","88.425","0.3326661012157196"
"complex_gemm_soa_merged_SoA_4096_4096_4096","complex_gemm_soa_merged_111","((64,), (1, 8, 1), (256, 2, 1), (False, False, False), False)","6.9","4.263188405797102"
"complex_gemm_soa_merged_SoA_4096_4096_4096","complex_gemm_soa_merged_111","((32,), (2, 16, 1), (64, 1, 1), (True, True, False), False)","72.466","0.4059282974084399"
"complex_gemm_soa_merged_SoA_4096_4096_4096","complex_gemm_soa_merged_111","((128,), (2, 8, 1), (128, 1, 1), (False, False, False), False)","71.329","0.4123988840443579"
"complex_gemm_soa_merged_SoA_4096_4096_4096","complex_gemm_soa_merged_111","((32,), (1, 16, 1), (64, 16, 1), (False, False, False), False)","15.1364","1.94339473058323"
"complex_gemm_soa_merged_SoA_4096_4096_4096","complex_gemm_soa_merged_111","((64,), (2, 2, 1), (64, 16, 1), (False, False, False), False)","38.518","0.7636948958928295"
"complex_gemm_soa_merged_SoA_4096_4096_4096","complex_gemm_soa_merged_111","((64,), (8, 1, 1), (16, 32, 1), (False, False, False), False)","60.1866","0.48874666453994753"
"complex_gemm_soa_merged_SoA_4096_4096_4096","complex_gemm_soa_merged_111","((16,), (8, 16, 1), (64, 1, 1), (False, False, False), False)","64.7876","0.4540375010032785"
"complex_gemm_soa_merged_SoA_4096_4096_4096","complex_gemm_soa_merged_111","((16,), (2, 2, 1), (256, 2, 1), (False, False, False), False)","27.6456","1.0640391237665308"
"complex_gemm_soa_merged_SoA_4096_4096_4096","complex_gemm_soa_merged_111","((32,), (1, 2, 1), (16, 32, 1), (True, True, False), False)","99999999999999.9","0.0"
"complex_gemm_soa_merged_SoA_4096_4096_4096","complex_gemm_soa_merged_111","((16,), (1, 8, 1), (16, 64, 1), (False, False, False), False)","10.543600000000001","2.789938920292879"
"complex_gemm_soa_merged_SoA_4096_4096_4096","complex_gemm_soa_merged_111","((16,), (16, 2, 1), (16, 32, 1), (False, False, False), False)","87.636","0.3356611438221736"
